ID,Year,Genre,Duration
1,2009,Action-Adventure-Fantasy,162
2,2019,Action-Adventure-Drama,181
3,1997,Drama-Romance,194
4,2015,Action-Adventure-Sci-Fi,138
5,2018,Action-Adventure-Sci-Fi,149
6,2021,Action-Adventure-Fantasy,148
7,2015,Action-Adventure-Sci-Fi,124
8,2019,Animation-Adventure-Drama,118
9,2012,Action-Adventure-Sci-Fi,143
10,2015,Action-Crime-Thriller,137
11,2019,Animation-Adventure-Comedy,103
12,2022,Action-Drama,130
13,2015,Action-Adventure-Sci-Fi,141
14,2018,Action-Adventure-Sci-Fi,134
15,2011,Adventure-Family-Fantasy,130
16,2017,Action-Adventure-Fantasy,152
17,2018,Action-Adventure-Sci-Fi,128
18,2013,Animation-Adventure-Comedy,102
19,2017,Adventure-Family-Fantasy,129
20,2018,Animation-Action-Adventure,118
21,2017,Action-Crime-Thriller,136
22,2013,Action-Adventure-Sci-Fi,130
23,2015,Animation-Adventure-Comedy,91
24,2016,Action-Adventure-Sci-Fi,147
25,2018,Action-Adventure-Fantasy,143
26,2003,Action-Adventure-Drama,201
27,2019,Action-Adventure-Sci-Fi,129
28,2019,Action-Adventure-Sci-Fi,123
29,2011,Action-Adventure-Sci-Fi,154
30,2012,Action-Adventure-Thriller,143
31,2014,Action-Adventure-Sci-Fi,165
32,1993,Action-Adventure-Sci-Fi,127
33,2012,Action-Drama,164
34,2019,Crime-Drama-Thriller,122
35,2019,Action-Adventure-Fantasy,141
36,2019,Animation-Adventure-Comedy,100
37,2010,Animation-Adventure-Comedy,103
38,2006,Action-Adventure-Fantasy,151
39,1994,Animation-Adventure-Drama,88
40,2016,Action-Adventure-Sci-Fi,133
41,2019,Adventure-Comedy-Family,128
42,2011,Action-Adventure-Fantasy,137
43,2017,Animation-Adventure-Comedy,89
44,2016,Animation-Adventure-Comedy,97
45,1999,Action-Adventure-Fantasy,136
46,2010,Adventure-Family-Fantasy,108
47,2016,Animation-Adventure-Comedy,108
48,2001,Adventure-Family-Fantasy,152
49,2012,Adventure-Fantasy,169
50,2008,Action-Crime-Drama,152
51,2022,Action-Adventure-Sci-Fi,147
52,2010,Adventure-Family-Fantasy,146
53,2013,Animation-Adventure-Comedy,98
54,2016,Adventure-Drama-Family,106
55,2017,Action-Adventure-Comedy,119
56,2014,Adventure-Fantasy,144
57,2007,Action-Adventure-Fantasy,169
58,2013,Adventure-Fantasy,161
59,2022,Action-Adventure-Fantasy,126
60,2002,Action-Adventure-Drama,179
61,2007,Action-Adventure-Family,138
62,2003,Animation-Adventure-Comedy,100
63,2009,Action-Adventure-Family,153
64,2004,Animation-Adventure-Comedy,93
65,2018,Biography-Drama-Music,134
66,2021,Action-Drama-History,176
67,2001,Action-Adventure-Drama,178
68,2005,Adventure-Family-Fantasy,157
69,2007,Action-Adventure-Sci-Fi,139
70,2022,Animation-Adventure-Comedy,87
71,2009,Animation-Adventure-Comedy,94
72,2015,Action-Adventure-Thriller,148
73,2017,Action-Adventure-Sci-Fi,133
74,2002,Adventure-Family-Fantasy,161
75,2012,Animation-Adventure-Comedy,88
76,2016,Animation-Adventure-Comedy,87
77,2016,Action-Adventure-Sci-Fi,152
78,2017,Action-Adventure-Drama,123
79,2005,Action-Adventure-Fantasy,140
80,2013,Action-Adventure-Sci-Fi,146
81,2017,Action-Adventure-Comedy,136
82,2015,Animation-Adventure-Comedy,95
83,2018,Action-Adventure-Sci-Fi,112
84,2017,Action-Adventure-Comedy,130
85,2010,Action-Adventure-Sci-Fi,148
86,2009,Action-Adventure-Sci-Fi,149
87,2012,Adventure-Drama-Fantasy,115
88,2002,Action-Adventure-Sci-Fi,121
89,2017,Action-Adventure-Fantasy,141
90,2021,Comedy-Romance,128
91,1996,Action-Adventure-Sci-Fi,145
92,2016,Adventure-Family-Fantasy,132
93,2007,Animation-Adventure-Comedy,93
94,2017,Animation-Adventure-Comedy,105
95,2019,Action-Adventure-Comedy,123
96,2004,Adventure-Family-Fantasy,142
97,2017,Action-Adventure-Fantasy,129
98,1982,Adventure-Family-Sci-Fi,115
99,2018,Action-Adventure-Thriller,147
100,2009,Action-Adventure-Sci-Fi,158
101,2008,Action-Adventure,122
102,2004,Action-Adventure-Sci-Fi,127
103,2013,Action-Adventure-Crime,130
104,2018,Action-Adventure-Comedy,119
105,2016,Action-Adventure-Comedy,108
106,1977,Action-Adventure-Fantasy,121
107,2021,Action-Adventure-Thriller,163
108,2014,Action-Adventure-Comedy,121
109,2022,Action-Crime-Drama,176
110,2006,Mystery-Thriller,149
111,2019,Action-Adventure-Thriller,137
112,2014,Adventure-Family-Fantasy,97
113,2012,Action-Adventure-Sci-Fi,136
114,2014,Action-Adventure-Sci-Fi,123
115,2010,Animation-Adventure-Comedy,93
116,2022,Action-Adventure-Comedy,118
117,2012,Animation-Adventure-Comedy,95
118,2016,Action-Adventure-Fantasy,123
119,2014,Action-Adventure-Sci-Fi,132
120,2005,Adventure-Family-Fantasy,143
121,2013,Animation-Adventure-Comedy,104
122,2003,Action-Sci-Fi,138
123,2009,Animation-Adventure-Comedy,96
124,2019,Animation-Action-Adventure,110
125,2021,Action-Crime-Thriller,143
126,2013,Drama-Sci-Fi-Thriller,91
127,2014,Action-Adventure-Sci-Fi,136
128,2011,Adventure-Drama-Fantasy,117
129,2009,Adventure-Drama-Fantasy,130
130,2014,Action-Adventure-Drama,130
131,2007,Action-Adventure-Sci-Fi,144
132,2014,Action-Adventure-Sci-Fi,142
133,2017,Horror,135
134,2014,Adventure-Drama-Sci-Fi,169
135,2019,Action-Adventure-Sci-Fi,125
136,2010,Action-Adventure-Drama,124
137,2011,Action-Thriller,132
138,2012,Action-Adventure-Sci-Fi,142
139,2021,Action-Adventure-Comedy,136
140,2015,Action-Adventure-Thriller,131
141,1994,Drama-Romance,142
142,2016,Action-Adventure-Fantasy,115
143,1999,Drama-Mystery-Thriller,107
144,2013,Action-Adventure-Sci-Fi,143
145,2006,Animation-Adventure-Comedy,91
146,2011,Animation-Action-Adventure,90
147,2017,Action-Adventure-Fantasy,120
148,2014,Animation-Action-Adventure,102
149,2018,Adventure-Family-Fantasy,134
150,2003,Action-Adventure-Fantasy,143
151,2002,Action-Adventure-Fantasy,142
152,2015,Action-Adventure-Sci-Fi,137
153,2013,Action-Adventure-Fantasy,112
154,2016,Animation-Adventure-Comedy,107
155,2016,Animation-Comedy-Family,108
156,2008,Animation-Action-Adventure,92
157,2004,Animation-Action-Adventure,115
158,2015,Adventure-Drama-Sci-Fi,144
159,2008,Action-Drama-Fantasy,92
160,2022,Action-Drama-History,153
161,2011,Action-Crime-Thriller,130
162,2012,Action-Adventure-Comedy,106
163,2010,Action-Adventure-Sci-Fi,124
164,2007,Animation-Adventure-Comedy,111
165,2018,Action-Adventure-Comedy,118
166,2014,Animation-Action-Adventure,102
167,2017,Action-Drama-Sci-Fi,137
168,1997,Action-Adventure-Sci-Fi,129
169,2006,Action-Adventure-Thriller,144
170,2004,Drama,127
171,2008,Comedy-Musical-Romance,108
172,2012,Adventure-Drama-Fantasy,127
173,2017,Action-Adventure-Sci-Fi,154
174,2008,Animation-Adventure-Comedy,89
175,2005,Action-Adventure-Sci-Fi,116
176,2010,Animation-Adventure-Comedy,100
177,2008,Action-Adventure-Thriller,106
178,1997,Action-Adventure-Comedy,98
179,2013,Animation-Adventure-Comedy,98
180,2011,Comedy,102
181,2008,Action-Adventure-Sci-Fi,126
182,2007,Action-Drama-Sci-Fi,101
183,2018,Action-Adventure-Sci-Fi,140
184,2001,Animation-Adventure-Comedy,92
185,2018,Action-Drama-Thriller,142
186,2006,Adventure-Comedy-Family,108
187,2015,Drama-Romance-Thriller,125
188,2017,Action-Adventure-Fantasy,118
189,2011,Animation-Adventure-Comedy,103
190,2011,Animation-Adventure-Comedy,106
191,2005,Action-Adventure-Drama,187
192,2011,Animation-Adventure-Comedy,90
193,2016,Comedy-Drama-Fantasy,94
194,1998,Action-Adventure-Sci-Fi,151
195,2004,Action-Adventure-Sci-Fi,124
196,2012,Comedy,106
197,2014,Action-Biography-Drama,133
198,2000,Action-Adventure-Thriller,123
199,2018,Action-Comedy-Mystery,121
200,2016,Action-Adventure-Sci-Fi,144
201,2011,Action-Adventure-Mystery,129
202,2010,Animation-Adventure-Comedy,95
203,2015,Adventure-Drama-Family,105
204,2005,Animation-Adventure-Comedy,86
205,2013,Action-Adventure-Horror,116
206,2012,Animation-Adventure-Comedy,93
207,1980,Action-Adventure-Fantasy,124
208,2007,Animation-Adventure-Comedy,87
209,2015,Action-Adventure-Drama,156
210,2018,Action-Horror-Sci-Fi,113
211,2018,Animation-Adventure-Comedy,112
212,2018,Animation-Adventure-Comedy,97
213,2017,Animation-Adventure-Comedy,97
214,2017,Action-Drama-History,106
215,2014,Action-Adventure-Sci-Fi,123
216,2019,Animation-Action-Adventure,104
217,2009,Action-Adventure-Mystery,128
218,2004,Comedy-Romance,115
219,2008,Animation-Adventure-Family,98
220,2016,Animation-Action-Adventure,95
221,1991,Action-Sci-Fi,137
222,2015,Action-Adventure-Comedy,117
223,2018,Animation-Comedy-Family,85
224,2021,Action-Adventure-Sci-Fi,97
225,1990,Drama-Fantasy-Romance,127
226,1992,Animation-Adventure-Comedy,90
227,2014,Animation-Adventure-Comedy,101
228,2004,Drama-History,163
229,1999,Animation-Adventure-Comedy,92
230,2010,Animation-Action-Adventure,98
231,1996,Action-Adventure-Thriller,113
232,2013,Adventure-Family-Fantasy,130
233,2010,Action-Adventure-Fantasy,106
234,2019,Adventure-Family-Fantasy,119
235,2017,Action-Adventure-Drama,140
236,2001,Animation-Adventure-Comedy,90
237,2005,Action-Comedy-Crime,120
238,2009,Action-Mystery-Thriller,138
239,2014,Action-Adventure-Comedy,101
240,2003,Comedy-Fantasy,101
241,2011,Animation-Adventure-Comedy,96
242,1998,Drama-War,169
243,2011,Action-Drama-Sci-Fi,105
244,1990,Comedy-Family,103
245,2015,Animation-Adventure-Comedy,89
246,1983,Action-Adventure-Fantasy,131
247,2005,Adventure-Comedy-Family,115
248,1989,Action-Adventure,127
249,1975,Adventure-Thriller,124
250,2015,Action-Adventure-Thriller,114
251,2019,Drama-Fantasy-Horror,169
252,2012,Animation-Adventure-Comedy,101
253,2021,Action-Sci-Fi-Thriller,113
254,2009,Comedy,100
255,2014,Animation-Action-Adventure,100
256,2018,Action-Adventure-Sci-Fi,114
257,2013,Action-Adventure-Sci-Fi,132
258,1999,Action-Sci-Fi,136
259,2000,Action-Adventure-Drama,155
260,1990,Comedy-Romance,119
261,2006,Animation-Adventure-Comedy,117
262,2020,Action-Drama-History,149
263,2006,Action-Adventure-Sci-Fi,104
264,2007,Action-Adventure-Mystery,124
265,2014,Action-Sci-Fi-Thriller,89
266,1996,Action-Adventure-Thriller,110
267,2006,Action-Drama,117
268,2003,Action-Drama,154
269,2020,Animation-Action-Adventure,117
270,2018,Comedy-Drama,117
271,2001,Crime-Thriller,116
272,2019,Drama-History,154
273,2011,Action-Adventure-Fantasy,115
274,2001,Action-Drama-History,183
275,2016,Comedy-Drama-Music,128
276,1999,Animation-Adventure-Comedy,88
277,2002,Action-Adventure-Comedy,88
278,2007,Action-Mystery-Thriller,115
279,2001,Action-Adventure-Fantasy,130
280,2009,Animation-Adventure-Comedy,88
281,2012,Drama-Musical-Romance,158
282,1973,Horror,122
283,1993,Comedy-Drama,125
284,2015,Action-Adventure-Sci-Fi,126
285,2016,Action-Adventure-Fantasy,123
286,2018,Drama-Music-Romance,136
287,2017,Biography-Drama-Musical,105
288,2003,Action-Sci-Fi,109
289,2019,Action-Adventure-Comedy,104
290,2021,Action-Adventure-Fantasy,132
291,2002,Action-Adventure-Thriller,133
292,2019,Animation-Adventure-Comedy,86
293,2000,Adventure-Drama-Romance,143
294,2018,Action-Adventure-Sci-Fi,107
295,2010,Biography-Drama-History,118
296,2003,Action-Sci-Fi,129
297,2011,Biography-Comedy-Drama,112
298,2020,Action-Comedy-Crime,124
299,2012,Drama-Western,165
300,1991,Animation-Family-Fantasy,84
301,1990,Adventure-Drama-Western,181
302,2020,Drama,153
303,2008,Action-Adventure-Family,150
304,2008,Comedy-Drama-Romance,145
305,2019,Action-Adventure-Drama,111
306,1999,Action-Adventure-Fantasy,124
307,2010,Adventure-Family-Fantasy,113
308,2016,Action-Thriller,123
309,2013,Action-Sci-Fi,126
310,2014,Action-Adventure-Comedy,129
311,2009,Adventure-Comedy-Family,105
312,1989,Action-Adventure,126
313,1992,Action-Drama-Music,129
314,2013,Action-Adventure-Sci-Fi,131
315,2017,Action-Adventure-Comedy,141
316,2017,Action-Adventure-Fantasy,111
317,2021,Animation-Adventure-Comedy,110
318,2016,Animation-Adventure-Comedy,94
319,2008,Drama-Fantasy-Romance,122
320,2002,Drama-Mystery-Sci-Fi,106
321,2003,Action-Adventure-Sci-Fi,134
322,2022,Adventure-Family-Fantasy,142
323,2019,Action-Adventure-Sci-Fi,122
324,2008,Action-Adventure-Fantasy,112
325,2012,Adventure-Mystery-Sci-Fi,124
326,1939,Drama-Romance-War,238
327,2018,Comedy-Musical-Romance,114
328,2021,Action-Adventure-Fantasy,156
329,2022,Action-Adventure-Comedy,122
330,2021,Action-Adventure-Drama,155
331,2022,Action-Adventure,116
332,2010,Action-Adventure-Sci-Fi,125
333,2006,Action-Adventure-Thriller,126
334,2012,Action-Adventure-Drama,127
335,1978,Comedy-Musical-Romance,110
336,1995,Animation-Adventure-Comedy,81
337,2018,Action-Adventure-Sci-Fi,135
338,2013,Biography-Comedy-Crime,180
339,2006,Action-Adventure-Sci-Fi,154
340,1991,Action-Adventure-Drama,143
341,1981,Action-Adventure,115
342,2016,Action-Adventure-Sci-Fi,120
343,2007,Action-Thriller,128
344,2015,Adventure-Comedy-Fantasy,117
345,2019,Action-Adventure-Fantasy,132
346,2015,Animation-Adventure-Comedy,94
347,2009,Action-Adventure-Sci-Fi,127
348,2019,Action-Drama-War,119
349,2006,Animation-Adventure-Comedy,108
350,2017,Animation-Adventure-Comedy,102
351,1985,Adventure-Comedy-Sci-Fi,116
352,2002,Animation-Adventure-Comedy,81
353,2017,Drama-Romance-Thriller,118
354,2009,Animation-Action-Adventure,94
355,2021,Action-Adventure-Sci-Fi,134
356,1998,Action-Sci-Fi-Thriller,139
357,1994,Action-Comedy-Thriller,141
358,2008,Crime-Drama-Romance,120
359,2012,Action-Crime-Thriller,92
360,2013,Action-Adventure-Sci-Fi,110
361,2015,Action-Adventure-Sci-Fi,120
362,2018,Animation-Action-Adventure,117
363,2004,Animation-Adventure-Comedy,90
364,2019,Comedy-Drama,161
365,2000,Comedy-Fantasy-Romance,127
366,2011,Animation-Action-Adventure,107
367,2005,Action-Crime-Drama,140
368,2014,Animation-Adventure-Comedy,92
369,2009,Action-Sci-Fi,107
370,2007,Adventure-Family-Fantasy,113
371,2018,Drama-Romance-Thriller,105
372,2005,Comedy-Romance,118
373,2009,Action-Adventure-Sci-Fi,115
374,2011,Action-Adventure-Sci-Fi,124
375,2014,Action-Adventure-Sci-Fi,113
376,1998,Comedy-Romance,119
377,2014,Drama-Mystery-Thriller,149
378,1993,Action-Crime-Drama,130
379,2001,Action-Adventure-Sci-Fi,92
380,2002,Comedy-Drama-Romance,95
381,2018,Comedy,118
382,1995,Action-Adventure-Thriller,128
383,2019,Action-Adventure-Comedy,132
384,2018,Horror-Mystery-Thriller,96
385,2007,Animation-Adventure-Comedy,92
386,2020,Action-Sci-Fi-Thriller,150
387,1999,Comedy-Drama-Romance,124
388,1998,Animation-Adventure-Comedy,95
389,2014,Adventure-Comedy-Family,98
390,2004,Crime-Thriller,125
391,2001,Action-Adventure-Sci-Fi,119
392,2013,Comedy-Crime,100
393,1999,Action-Adventure-Thriller,128
394,2018,Adventure-Comedy-Fantasy,110
395,2009,Action-Crime-Thriller,107
396,2014,Action-Adventure-Drama,138
397,2010,Action-Drama-Family,140
398,1992,Adventure-Comedy-Crime,120
399,2012,Animation-Adventure-Comedy,91
400,2002,Action-Crime-Mystery,145
401,2016,Animation-Drama-Fantasy,106
402,1986,Action-Drama,110
403,2016,Action-Adventure-Drama,110
404,1999,Drama,122
405,2001,Animation-Adventure-Family,125
406,1995,Adventure-Drama-History,140
407,1988,Drama,133
408,2013,Drama-Romance,143
409,2019,Adventure-Family-Fantasy,112
410,2004,Action-Mystery-Sci-Fi,115
411,1992,Drama-Mystery-Thriller,127
412,2017,Crime-Drama-Mystery,114
413,2011,Action-Adventure-Sci-Fi,131
414,2016,Animation-Action-Adventure,97
415,1995,Action-Adventure-Thriller,130
416,2002,Biography-Crime-Drama,141
417,2013,Crime-Mystery-Thriller,115
418,2001,Crime-Drama-Thriller,131
419,1994,Action-Comedy-Crime,101
420,2018,Adventure-Comedy-Crime,95
421,1994,Action-Adventure-Thriller,116
422,2000,Animation-Adventure-Drama,82
423,2018,Animation-Adventure-Comedy,130
424,1998,Action-Drama-Sci-Fi,120
425,2012,Animation-Adventure-Comedy,86
426,2014,Action-Mystery-Sci-Fi,113
427,2013,Animation-Adventure-Comedy,105
428,2004,Action-Adventure-Mystery,131
429,2001,Action-Comedy-Crime,90
430,2016,Animation-Adventure-Comedy,92
431,2017,Action-Adventure-Thriller,107
432,1995,Animation-Adventure-Drama,81
433,2000,Comedy-Family-Fantasy,104
434,2016,Action-Adventure-Sci-Fi,122
435,2011,Animation-Adventure-Comedy,87
436,2008,Action-Crime-Thriller,110
437,1994,Comedy-Family-Fantasy,91
438,2018,Drama-Horror-Sci-Fi,90
439,2007,Animation-Adventure-Comedy,107
440,2006,Animation-Adventure-Comedy,83
441,2014,Action-Drama,102
442,1995,Action-Adventure,121
443,2010,Action-Adventure-Fantasy,116
444,2008,Drama-Fantasy-Romance,166
445,2012,Action-Adventure-Comedy,94
446,1996,Action-Adventure-Thriller,136
447,2016,Action-Adventure-Fantasy,103
448,2016,Action-Adventure-Comedy,129
449,2017,Comedy-Fantasy-Sport,100
450,2005,Action-Adventure-Fantasy,106
451,1984,Action-Adventure,118
452,1997,Action-Adventure-Thriller,119
453,1989,Adventure-Comedy-Sci-Fi,108
454,2015,Animation-Adventure-Comedy,93
455,2021,Action-Adventure-Comedy,115
456,2014,Action-Comedy-Crime,112
457,2000,Comedy-Romance,108
458,1988,Animation-Adventure-Comedy,104
459,2010,Drama-Thriller,108
460,2000,Action-Adventure-Drama,130
461,1986,Action-Adventure-Comedy,97
462,2019,Comedy-Sci-Fi,116
463,1995,Crime-Drama-Mystery,127
464,2019,Action-Crime-Thriller,130
465,2006,Comedy-Drama,109
466,2014,Action-Crime-Thriller,108
467,1996,Animation-Drama-Family,91
468,2009,Animation-Adventure-Comedy,96
469,2015,Animation-Adventure-Comedy,92
470,1993,Biography-Drama-History,195
471,2010,Animation-Action-Comedy,95
472,2016,Horror-Mystery-Thriller,134
473,2018,Biography-Comedy-Drama,130
474,1992,Action-Crime-Thriller,118
475,2010,Action-Adventure-Drama,140
476,2009,Adventure-Drama-War,153
477,1996,Adventure-Comedy-Crime,103
478,2013,Horror-Mystery-Thriller,112
479,1987,Drama-Thriller,119
480,2020,Action-Adventure-Comedy,99
481,2010,Action-Adventure-Family,103
482,2009,Comedy-Drama-Romance,108
483,2001,Biography-Drama,135
484,1984,Action-Comedy-Crime,105
485,2004,Animation-Adventure-Comedy,100
486,1997,Action-Drama-Thriller,124
487,2012,Action-Adventure-Thriller,103
488,2005,Animation-Adventure-Comedy,81
489,1997,Comedy-Drama-Romance,139
490,2015,Action-Adventure-Sci-Fi,131
491,2016,Action-Horror-Sci-Fi,107
492,2017,Animation-Action-Adventure,104
493,1999,Action-Adventure-Comedy,95
494,2019,Comedy-Crime-Drama,130
495,2007,Crime-Thriller,122
496,2010,Comedy-Romance,98
497,2008,Animation-Adventure-Comedy,96
498,1996,Action-Crime-Thriller,121
499,1999,Comedy-Romance,116
500,2009,Biography-Drama-Sport,129
501,2017,Comedy-Romance,120
502,2014,Drama-Romance,126
503,2006,Biography-Drama,117
504,2012,Animation-Action-Adventure,97
505,1977,Drama-Sci-Fi,138
506,2002,Comedy-Crime-Musical,113
507,2017,Horror-Mystery-Thriller,109
508,2017,Drama-Family,113
509,2018,Action-Adventure-Thriller,102
510,2013,Action-Thriller,98
511,1998,Animation-Adventure-Comedy,88
512,2016,Action-Biography-Drama,161
513,2016,Drama-Romance-Sci-Fi,116
514,2012,Action-Adventure-Sci-Fi,131
515,1997,Comedy-Fantasy,86
516,2009,Action-Adventure-Sci-Fi,118
517,2012,Action-Adventure-Fantasy,99
518,2007,Action-Adventure-Fantasy,92
519,1991,Adventure-Comedy-Family,142
520,1978,Action-Adventure-Sci-Fi,143
521,1985,Drama-Sport,91
522,1985,Action-Adventure-Thriller,96
523,2010,Action-Horror-Sci-Fi,96
524,2004,Action-Adventure-Fantasy,131
525,1999,Adventure-Comedy-Family,84
526,1987,Action-Comedy-Crime,100
527,2016,Adventure-Family-Fantasy,113
528,1997,Comedy-Drama-Romance,105
529,2011,Action-Drama-Sci-Fi,127
530,2008,Animation-Adventure-Comedy,86
531,2018,Action-Comedy-Crime,110
532,2020,Drama-Horror-Sci-Fi,97
533,2015,Action-Adventure-Sci-Fi,119
534,1989,Comedy,93
535,2002,Action-Adventure-Comedy,94
536,1984,Action-Comedy-Fantasy,105
537,2016,Adventure-Drama-Family,127
538,2000,Action-Adventure-Sci-Fi,104
539,2017,Animation-Adventure-Comedy,108
540,2010,Mystery-Thriller,138
541,1998,Comedy-Family-Fantasy,85
542,2007,Animation-Adventure-Comedy,91
543,2010,Action-Thriller,100
544,2009,Animation-Action-Adventure,88
545,2006,Crime-Drama-Thriller,151
546,2000,Drama-Horror-Mystery,130
547,2018,Action-Adventure-Fantasy,111
548,2004,Action-Mystery-Thriller,108
549,2010,Comedy-Drama-Romance,146
550,1998,Comedy-Drama-History,123
551,2014,Action-Adventure-Mystery,139
552,1988,Comedy-Romance,117
553,2005,Comedy-Romance,119
554,2011,Comedy-Romance,125
555,2018,Action-Adventure-Sci-Fi,143
556,1995,Comedy-Family-Fantasy,100
557,2001,Comedy,108
558,2015,Comedy-Music,115
559,1999,Crime-Drama-Fantasy,189
560,2013,Action-Adventure-Sci-Fi,124
561,2013,Action-Drama-Sci-Fi,109
562,1998,Action-Crime-Thriller,127
563,2012,Action-Adventure-Sci-Fi,132
564,2013,Animation-Adventure-Comedy,96
565,2014,Adventure-Comedy-Family,95
566,2001,Comedy-Drama-Romance,97
567,2022,Biography-Drama-Music,159
568,2010,Action-Thriller,103
569,2016,Horror-Thriller,117
570,2000,Comedy,88
571,2002,Action-Adventure-Thriller,124
572,2012,Action-Adventure-Thriller,135
573,2014,Animation-Adventure-Comedy,92
574,2002,Adventure-Comedy-Family,89
575,2012,Biography-Drama-History,150
576,2001,Action-Adventure-Fantasy,100
577,2018,Action-Adventure-Fantasy,119
578,2010,Action-Adventure-Thriller,103
579,2013,Animation-Adventure-Comedy,95
580,1996,Comedy-Romance-Sci-Fi,95
581,1996,Comedy-Drama-Romance,139
582,2003,Action-Comedy-Crime,147
583,2002,Animation-Adventure-Comedy,85
584,1991,Crime-Drama-Thriller,118
585,2010,Comedy,102
586,2014,Comedy,97
587,1993,Drama-Mystery-Thriller,154
588,2013,Comedy-Crime,110
589,2008,Drama,116
590,2008,Action-Adventure-Drama,109
591,2007,Biography-Crime-Drama,157
592,2013,Animation-Action-Adventure,102
593,2014,Action-Adventure-Drama,150
594,1942,Animation-Adventure-Drama,69
595,2009,Animation-Adventure-Comedy,97
596,1992,Action-Crime-Fantasy,126
597,1993,Drama-Romance,117
598,2003,Comedy-Drama-Romance,128
599,2004,Comedy-Drama-Romance,108
600,2008,Action-Adventure-Sci-Fi,112
601,1995,Action-Adventure-Sci-Fi,135
602,1998,Comedy-Drama,103
603,2000,Action-Adventure-Comedy,98
604,1997,Action-Adventure-Sci-Fi,126
605,2019,Drama-Thriller,132
606,1995,Adventure-Comedy-Family,104
607,2006,Comedy,84
608,2005,Animation-Adventure-Comedy,91
609,2010,Action-Adventure-Comedy,109
610,1990,Action-Adventure-Sci-Fi,113
611,2009,Documentary-Drama-Music,111
612,2019,Action-Adventure-Sci-Fi,128
613,2013,Action-Adventure-Western,150
614,2011,Action-Mystery-Sci-Fi,112
615,2015,Action-Adventure-Drama,127
616,2017,Action-Drama-Mystery,164
617,2003,Action-Adventure-Comedy,106
618,2007,Action-Comedy-Crime,91
619,1997,Comedy-Drama,91
620,2017,Action-Adventure-Comedy,107
621,2014,Horror-Mystery-Thriller,99
622,2021,Animation-Comedy-Family,102
623,2004,Drama-Mystery-Thriller,108
624,2015,Action-Adventure-Comedy,114
625,2000,Biography-Drama,131
626,2019,Comedy-Sport,98
627,2017,Horror-Mystery-Thriller,104
628,2008,Comedy-Drama-Family,111
629,2018,Crime-Horror-Thriller,106
630,2019,Horror-Mystery-Thriller,116
631,1993,Action-Adventure-Thriller,113
632,2017,Action-Drama,167
633,1995,Comedy-Drama-Family,91
634,2019,Action-Adventure-Comedy,114
635,2007,Action-Adventure-Comedy,100
636,2008,Comedy-Drama-Family,112
637,1997,Animation-Adventure-Comedy,93
638,2019,Action-Adventure-Sci-Fi,113
639,2010,Drama-Western,110
640,2020,Adventure-Comedy-Family,101
641,1997,Adventure-Comedy-Family,89
642,2013,Crime-Drama,138
643,1998,Action-Thriller,132
644,1998,Comedy-Drama-Romance,119
645,2006,Action-Adventure-Family,104
646,2003,Animation-Adventure-Comedy,85
647,1972,Crime-Drama,175
648,1998,Action-Adventure-Comedy,136
649,2002,Horror-Mystery,115
650,1999,Horror-Mystery,81
651,2000,Drama-Mystery-Sci-Fi,106
652,2017,Adventure-Comedy-Family,109
653,1994,Comedy,107
654,2019,Drama-Horror-Sci-Fi,129
655,2013,Comedy,101
656,2015,Animation-Adventure-Comedy,88
657,2011,Animation-Action-Adventure,107
658,2022,Animation-Adventure-Comedy,100
659,1994,Comedy-Drama-Romance,117
660,1997,Action-Crime-Sci-Fi,138
661,2016,Action-Adventure-Comedy,112
662,2012,Comedy-Fantasy-Horror,113
663,2003,Action-Sci-Fi,138
664,2003,Comedy-Drama-Romance,135
665,2019,Action-Drama-Family,118
666,2008,Comedy-Romance,106
667,1990,Adventure-Comedy-Sci-Fi,118
668,2015,Action-Comedy-Fantasy,105
669,2014,Action-Adventure-Fantasy,98
670,1998,Action-Comedy-Crime,98
671,2008,Action-Adventure-Family,93
672,2013,Action-Adventure-Sci-Fi,100
673,1992,Drama-Thriller,138
674,2009,Animation-Adventure-Comedy,90
675,2002,Drama-Music,110
676,2015,Comedy-Family,96
677,2014,Action-Crime-Sci-Fi,117
678,1996,Action-Crime-Thriller,115
679,2017,Horror-Sci-Fi-Thriller,122
680,2016,Biography-Drama,96
681,2016,Action-Adventure-Sci-Fi,115
682,2006,Comedy-Drama-Fantasy,107
683,2020,Animation-Action-Adventure,110
684,2012,Action-Horror-Sci-Fi,95
685,1990,Action-Thriller,124
686,1988,Action-Adventure-Comedy,108
687,2013,Animation-Adventure-Comedy,91
688,2018,Comedy-Drama-Romance,120
689,1997,Action-Sci-Fi,125
690,2010,Adventure-Comedy-Family,85
691,2000,Action-Crime-Thriller,118
692,1977,Drama-Music,118
693,2012,Comedy-Drama-Romance,122
694,2003,Action-Adventure-Crime,107
695,2004,Animation-Adventure-Family,119
696,2016,Biography-Drama-History,127
697,2001,Drama-Sci-Fi,146
698,1989,Comedy-Drama,128
699,2015,Action-Comedy,120
700,1999,Comedy,95
701,2012,Comedy,113
702,1999,Comedy-Drama,93
703,2015,Animation-Adventure-Comedy,92
704,2014,Biography-Drama-Thriller,114
705,2021,Adventure-Comedy-Crime,134
706,2008,Adventure-Drama-Sci-Fi,104
707,2003,Comedy,96
708,2011,Crime-Drama-Mystery,158
709,2007,Comedy-Drama,96
710,2012,Biography-Drama-Thriller,120
711,2007,Comedy-Family,90
712,1996,Drama-Romance-War,162
713,1992,Comedy-Family-Music,100
714,2019,Horror-Mystery-Thriller,106
715,2005,Action-Fantasy-Horror,121
716,2008,Action-Adventure-Comedy,110
717,1996,Animation-Adventure-Comedy,88
718,1997,Comedy-Drama-Romance,116
719,2013,Action-Comedy-Crime,117
720,2016,Action-Comedy-Fantasy,117
721,2007,Action-Fantasy-Thriller,110
722,2015,Comedy,104
723,2017,Adventure-Comedy-Family,103
724,1993,Comedy-Drama-Romance,105
725,1989,Action-Crime-Thriller,114
726,2011,Action-Comedy-Crime,119
727,1985,Biography-Drama-Romance,161
728,2017,Drama-Romance-War,135
729,2017,Action-Crime-Drama,113
730,2011,Action-Drama-Fantasy,110
731,2008,Action-Crime-Thriller,90
732,2010,Adventure-Family-Fantasy,118
733,2013,Action-Fantasy-Horror,88
734,2022,Animation-Action-Adventure,100
735,2017,Action-Adventure-Fantasy,136
736,1997,Drama-Romance,126
737,2019,Crime-Drama-Romance,135
738,2019,Action-Biography-Drama,152
739,2008,Action-Adventure-Sci-Fi,88
740,2003,Adventure-Comedy-Family,97
741,2010,Biography-Drama,120
742,2000,Animation-Adventure-Comedy,84
743,1997,Action-Crime-Thriller,115
744,1994,Drama-Fantasy-Horror,123
745,2005,Drama-Mystery-Thriller,98
746,2008,Comedy-Romance,104
747,2014,Action-Mystery-Thriller,106
748,1989,Adventure-Comedy-Family,93
749,2004,Documentary-Drama-War,122
750,1999,Action-Comedy-Sci-Fi,106
751,2021,Drama,157
752,2017,Action-Sci-Fi-Thriller,109
753,1990,Mystery-Thriller,127
754,2021,Action-Adventure-Comedy,127
755,2003,Comedy,84
756,2004,Action-Crime-Drama,120
757,2016,Action-Adventure-Crime,121
758,2007,Comedy-Romance,129
759,2011,Action-Adventure-Sci-Fi,114
760,2008,Comedy-Romance,99
761,2009,Comedy-Drama-Romance,121
762,2004,Comedy-Drama-Romance,128
763,2013,Action-Biography-Crime,134
764,1998,Animation-Adventure-Drama,99
765,2012,Action-Mystery-Thriller,130
766,2005,Action-Adventure-Drama,144
767,2017,Animation-Adventure-Comedy,86
768,2022,Comedy,109
769,2014,Action-Drama-Fantasy,92
770,2016,Action-Comedy-Crime,107
771,2004,Drama-Sport,132
772,2011,Drama,146
773,1988,Comedy-Crime,107
774,2019,Drama-Romance,135
775,2010,Comedy-Romance,125
776,2011,Comedy-Romance,92
777,2020,Drama-Family,122
778,2020,Animation-Adventure-Comedy,95
779,1994,Action-Crime-Drama,141
780,1961,Animation-Adventure-Comedy,79
781,2015,Comedy,115
782,1992,Drama-Fantasy-Horror,128
783,2000,Action-Adventure-Drama,124
784,1989,Action-Comedy-Fantasy,108
785,2000,Action-Drama-History,165
786,2010,Action-Adventure-Family,109
787,2011,Comedy-Romance,117
788,2014,Action-Adventure-Thriller,126
789,1987,Drama-Music-Romance,100
790,2018,Drama-Sport,130
791,2018,Animation-Adventure-Comedy,96
792,2009,Action-Biography-Crime,140
793,2002,Action-Mystery-Thriller,119
794,1994,Drama-Thriller,128
795,1994,Crime-Drama,154
796,2004,Biography-Drama,170
797,2000,Action-Adventure-Drama,120
798,1995,Biography-Drama-History,178
799,2014,Adventure-Comedy-Drama,125
800,2008,Adventure-Comedy-Family,99
801,2000,Action-Comedy-Crime,109
802,1999,Action-Crime-Romance,113
803,1995,Adventure-Comedy-Crime,90
804,1999,Action-Fantasy-Horror,122
805,2016,Comedy-Drama-Romance,123
806,2014,Action-Drama-War,134
807,2011,Action-Adventure-Sci-Fi,116
808,2008,Adventure-Drama-Romance,165
809,2010,Comedy-Drama,95
810,2003,Action-Adventure-Drama,138
811,2004,Adventure-Comedy-Family,108
812,1989,Animation-Adventure-Comedy,83
813,2022,Comedy-Drama,106
814,2009,Action-Sci-Fi-Thriller,112
815,1979,Action-Adventure-Sci-Fi,126
816,2001,Horror-Mystery-Thriller,101
817,2011,Comedy-Crime,98
818,2018,Drama-Romance,120
819,2002,Crime-Drama-Thriller,124
820,2015,Action-Adventure-Family,130
821,2016,Drama-Romance,106
822,2012,Action-Thriller,115
823,2003,Action-Adventure-Crime,117
824,2001,Action-Adventure-Crime,106
825,2000,Crime-Drama-Thriller,147
826,2011,Horror-Mystery,83
827,1993,Drama,125
828,2021,Horror-Mystery-Thriller,112
829,1999,Fantasy-Horror-Mystery,105
830,2006,Comedy-Romance,136
831,2021,Action-Adventure-Crime,126
832,1967,Animation-Adventure-Comedy,78
833,2016,Action-Thriller,99
834,2006,Comedy-Drama-Romance,106
835,2013,Action-Adventure-Comedy,110
836,2009,Comedy-Romance,96
837,1991,Drama-History-Thriller,189
838,2013,Action-Drama-Thriller,131
839,2020,Action-Adventure-Comedy,109
840,2017,Adventure-Comedy-Drama,100
841,2008,Animation-Adventure-Comedy,101
842,2005,Comedy-Crime,90
843,2010,Biography-Drama-Romance,133
844,2021,Adventure-Comedy-Fantasy,124
845,2008,Action-Comedy,113
846,2019,Animation-Comedy-Family,86
847,2007,Comedy-Drama-Musical,117
848,2004,Action-Adventure-Drama,126
849,2010,Animation-Adventure-Comedy,81
850,2015,Action-Adventure-Biography,121
851,2001,Fantasy-Mystery-Romance,136
852,2016,Drama-Mystery-Sci-Fi,116
853,2014,Action-Thriller,132
854,2004,Animation-Adventure-Comedy,80
855,1998,Biography-Comedy-Drama,115
856,1990,Action-Adventure-Comedy,93
857,1990,Action-Comedy-Crime,111
858,2015,Biography-Drama-History,147
859,2012,Action-Comedy-Crime,109
860,2008,Drama-History-Thriller,121
861,2006,Animation-Adventure-Comedy,86
862,2001,Action-Adventure-Comedy,87
863,1990,Action-Adventure-Thriller,135
864,2013,Adventure-Family-Fantasy,106
865,2002,Comedy-Romance,101
866,2010,Action-Comedy-Crime,111
867,2020,Action-Crime-Thriller,120
868,1998,Drama-Fantasy-Romance,114
869,2005,Action-Comedy-Drama,95
870,2004,Comedy-Drama-Romance,99
871,2012,Action-Adventure-Sci-Fi,118
872,2018,Comedy-Drama,134
873,2012,Adventure-Drama-History,114
874,2012,Adventure-Comedy-Drama,105
875,2018,Adventure-Comedy-Drama,104
876,2013,Action-Adventure-Fantasy,114
877,2017,Animation-Adventure-Comedy,90
878,2021,Drama,129
879,2003,Action-Adventure-Comedy,84
880,2002,Crime-Drama-Thriller,112
881,2022,Action-Comedy-Thriller,127
882,2014,Comedy-Romance,109
883,1994,Action-Adventure-Sci-Fi,116
884,2007,Animation-Action-Adventure,115
885,2012,Drama-Romance,104
886,2003,Comedy,106
887,2008,Action-Comedy-War,107
888,2017,Drama-Fantasy-Romance,123
889,2019,Biography-Drama-Musical,121
890,1993,Crime-Drama-Mystery,141
891,2016,Adventure-Family-Fantasy,117
892,2015,Comedy-Drama,121
893,2005,Animation-Adventure-Comedy,85
894,2011,Animation-Adventure-Comedy,84
895,2002,Action-Drama-Thriller,124
896,2019,Animation-Drama-Fantasy,112
897,2002,Crime-Drama,167
898,2016,Action-Adventure-Fantasy,119
899,2007,Horror-Mystery,86
900,2019,Animation-Action-Adventure,107
901,2014,Action-Crime-Thriller,132
902,2019,Drama-Romance,122
903,2019,Crime-Drama-Thriller,112
904,1991,Comedy-Fantasy,99
905,2005,Comedy-Crime-Sport,113
906,2022,Action-Adventure-Comedy,112
907,1994,Comedy-Drama-Family,97
908,2003,Comedy-Family,98
909,2018,Action-Crime-Thriller,121
910,2000,Action-Horror-Sci-Fi,112
911,1995,Action-Drama-Thriller,127
912,2019,Action-Crime,99
913,1998,Drama-Mystery-Sci-Fi,121
914,2014,Comedy-Drama-Romance,116
915,1988,Action-Adventure-Thriller,102
916,2013,Adventure-Comedy-Drama,114
917,2018,Action-Crime-Mystery,130
918,1978,Adventure-Horror-Thriller,116
919,2013,Biography-Drama-History,134
920,1995,Action-Crime-Drama,170
921,2011,Comedy-Family-Fantasy,94
922,2004,Horror-Mystery-Thriller,91
923,2007,Comedy-Romance,115
924,1998,Drama-Romance-Western,169
925,2005,Biography-Drama-Music,136
926,2015,Comedy,113
927,2003,Animation-Adventure-Comedy,72
928,2009,Horror-Thriller,82
929,2001,Animation-Action-Adventure,95
930,2006,Crime-Drama-Mystery,129
931,1998,Comedy-Sport,90
932,2011,Adventure-Drama-Family,126
933,2017,Comedy-Music,93
934,2009,Action-Drama-Mystery,162
935,1996,Comedy,117
936,2001,Drama-Musical-Romance,127
937,1937,Animation-Adventure-Family,83
938,2011,Animation-Adventure-Comedy,95
939,2016,Comedy,100
940,2015,Action-Adventure-Sci-Fi,127
941,2009,Action-Mystery-Sci-Fi,121
942,2000,Adventure-Comedy-Family,100
943,2016,Animation-Adventure-Comedy,87
944,2014,Animation-Comedy-Drama,95
945,2009,Action-Comedy-Crime,91
946,1992,Comedy-Music,94
947,1994,Action-Adventure-Comedy,127
948,2012,Adventure-Comedy-Drama,106
949,1998,Action-Adventure-Drama,132
950,1991,Crime-Thriller,128
951,2003,Comedy-Family-Fantasy,99
952,2014,Action-Adventure-Family,119
953,1995,Comedy-Drama-Romance,103
954,1995,Drama-Romance,135
955,2016,Comedy-Drama,113
956,2006,Action-Adventure-Thriller,98
957,1996,Comedy,103
958,2021,Crime-Drama-Thriller,120
959,2004,Adventure-Comedy-Family,93
960,1991,Action-Comedy,84
961,2002,Crime-Drama-Thriller,117
962,2003,Action-Crime-Drama,111
963,2019,Animation-Adventure-Comedy,97
964,2002,Action-Adventure-Fantasy,92
965,2002,Comedy-Romance,108
966,2017,Comedy,100
967,2016,Biography-Drama-History,139
968,2006,Action-Crime-Sci-Fi,126
969,2017,Biography-Drama-History,116
970,1995,Biography-Drama,99
971,2012,Comedy,83
972,2003,Action-Adventure-Fantasy,110
973,2016,Action-Adventure-Mystery,120
974,2003,Action-Crime,103
975,1991,Comedy-Western,113
976,2009,Comedy-Drama-Romance,129
977,2008,Action-Mystery-Thriller,118
978,2004,Comedy-Romance,90
979,2006,Animation-Action-Adventure,85
980,2006,Comedy,83
981,1997,Action-Adventure-Thriller,108
982,2005,Drama-Romance,134
983,1992,Action-Thriller,117
984,1997,Comedy-Family-Sci-Fi,93
985,2017,Action-Comedy-Crime,116
986,1999,Crime-Drama-Mystery,105
987,2011,Action-Adventure-Drama,146
988,2010,Horror-Mystery,91
989,2003,Comedy-Romance,116
990,2004,Action-Adventure-Horror,101
991,2002,Action-Adventure-Drama,120
992,2005,Comedy-Romance,116
993,2013,Biography-Drama,132
994,1999,Fantasy-Horror-Mystery,113
995,2011,Comedy-Drama,115
996,2010,Action-Adventure-Thriller,117
997,1982,Comedy-Drama-Romance,116
998,1993,Action-Crime-Drama,128
999,1999,Comedy-Crime,103
1000,2017,Action-Comedy-Crime,118
